game_session_id,date,player_ids,rounds,round_winner,game_winner
M-1930-01,1930,"['P-01', 'P-02', 'P-03', 'P-04']",3,P-01,P-02
M-1930-02,1930,"['P-01', 'P-02', 'P-03', 'P-04']",3,P-01,P-02
M-1930-03,1930,"['P-01', 'P-02', 'P-03', 'P-04']",3,P-01,P-02
M-1930-04,1930,"['P-01', 'P-02', 'P-03', 'P-04']",3,P-01,P-02
M-1930-05,1930,"['P-01', 'P-02', 'P-03', 'P-04']",3,P-01,P-02
M-1930-06,1930,"['P-01', 'P-02', 'P-03', 'P-04']",3,P-01,P-02
M-1930-07,1930,"['P-01', 'P-02', 'P-03', 'P-04']",3,P-01,P-02
M-1930-08,1930,"['P-01', 'P-02', 'P-03', 'P-04']",3,P-01,P-02
M-1930-09,1930,"['P-01', 'P-02', 'P-03', 'P-04']",3,P-01,P-02
M-1930-10,1930,"['P-01', 'P-02', 'P-03', 'P-04']",3,P-01,P-02
M-1930-11,1930,"['P-01', 'P-02', 'P-03', 'P-04']",3,P-01,P-02
M-1930-12,1930,"['P-01', 'P-02', 'P-03', 'P-04']",3,P-01,P-02
M-1930-13,1930,"['P-01', 'P-02', 'P-03', 'P-04']",3,P-01,P-02
M-1930-14,1930,"['P-01', 'P-02', 'P-03', 'P-04']",3,P-01,P-02
M-1930-15,1930,"['P-01', 'P-02', 'P-03', 'P-04']",3,P-01,P-02
M-1930-16,1930,"['P-01', 'P-02', 'P-03', 'P-04']",3,P-01,P-02
M-1930-17,1930,"['P-01', 'P-02', 'P-03', 'P-04']",3,P-01,P-02
M-1930-18,1930,"['P-01', 'P-02', 'P-03', 'P-04']",3,P-01,P-02
M-1934-01,1934,"['P-01', 'P-02', 'P-03', 'P-04']",3,P-01,P-02
M-1934-02,1934,"['P-01', 'P-02', 'P-03', 'P-04']",3,P-01,P-02
M-1934-03,1934,"['P-01', 'P-02', 'P-03', 'P-04']",3,P-01,P-02
M-1934-04,1934,"['P-01', 'P-02', 'P-03', 'P-04']",3,P-01,P-02
M-1934-05,1934,"['P-01', 'P-02', 'P-03', 'P-04']",3,P-01,P-02
M-1934-06,1934,"['P-01', 'P-02', 'P-03', 'P-04']",3,P-01,P-02
M-1934-07,1934,"['P-01', 'P-02', 'P-03', 'P-04']",3,P-01,P-02
M-1934-08,1934,"['P-01', 'P-02', 'P-03', 'P-04']",3,P-01,P-02
M-1934-09,1934,"['P-01', 'P-02', 'P-03', 'P-04']",3,P-01,P-02
M-1934-10,1934,"['P-01', 'P-02', 'P-03', 'P-04']",3,P-01,P-02
M-1934-11,1934,"['P-01', 'P-02', 'P-03', 'P-04']",3,P-01,P-02
M-1934-12,1934,"['P-01', 'P-02', 'P-03', 'P-04']",3,P-01,P-02
M-1934-13,1934,"['P-01', 'P-02', 'P-03', 'P-04']",3,P-01,P-02
M-1934-14,1934,"['P-01', 'P-02', 'P-03', 'P-04']",3,P-01,P-02
M-1934-15,1934,"['P-01', 'P-02', 'P-03', 'P-04']",3,P-01,P-02
M-1934-16,1934,"['P-01', 'P-02', 'P-03', 'P-04']",3,P-01,P-02
M-1934-17,1934,"['P-01', 'P-02', 'P-03', 'P-04']",3,P-01,P-02
M-1938-01,1938,"['P-01', 'P-02', 'P-03', 'P-04']",3,P-01,P-02
M-1938-02,1938,"['P-01', 'P-02', 'P-03', 'P-04']",3,P-01,P-02
M-1938-03,1938,"['P-01', 'P-02', 'P-03', 'P-04']",3,P-01,P-02
M-1938-04,1938,"['P-01', 'P-02', 'P-03', 'P-04']",3,P-01,P-02
M-1938-05,1938,"['P-01', 'P-02', 'P-03', 'P-04']",3,P-01,P-02
M-1938-06,1938,"['P-01', 'P-02', 'P-03', 'P-04']",3,P-01,P-02
M-1938-07,1938,"['P-01', 'P-02', 'P-03', 'P-04']",3,P-01,P-02
M-1938-08,1938,"['P-01', 'P-02', 'P-03', 'P-04']",3,P-01,P-02
M-1938-09,1938,"['P-01', 'P-02', 'P-03', 'P-04']",3,P-01,P-02
M-1938-10,1938,"['P-01', 'P-02', 'P-03', 'P-04']",3,P-01,P-02
M-1938-11,1938,"['P-01', 'P-02', 'P-03', 'P-04']",3,P-01,P-02
M-1938-12,1938,"['P-01', 'P-02', 'P-03', 'P-04']",3,P-01,P-02
M-1938-13,1938,"['P-01', 'P-02', 'P-03', 'P-04']",3,P-01,P-02
M-1938-14,1938,"['P-01', 'P-02', 'P-03', 'P-04']",3,P-01,P-02
M-1938-15,1938,"['P-01', 'P-02', 'P-03', 'P-04']",3,P-01,P-02
M-1938-16,1938,"['P-01', 'P-02', 'P-03', 'P-04']",3,P-01,P-02
M-1938-17,1938,"['P-01', 'P-02', 'P-03', 'P-04']",3,P-01,P-02
M-1938-18,1938,"['P-01', 'P-02', 'P-03', 'P-04']",3,P-01,P-02
M-1950-01,1950,"['P-01', 'P-02', 'P-03', 'P-04']",3,P-01,P-02
M-1950-02,1950,"['P-01', 'P-02', 'P-03', 'P-04']",3,P-01,P-02
M-1950-03,1950,"['P-01', 'P-02', 'P-03', 'P-04']",3,P-01,P-02
M-1950-04,1950,"['P-01', 'P-02', 'P-03', 'P-04']",3,P-01,P-02
M-1950-05,1950,"['P-01', 'P-02', 'P-03', 'P-04']",3,P-01,P-02
M-1950-06,1950,"['P-01', 'P-02', 'P-03', 'P-04']",3,P-01,P-02
M-1950-07,1950,"['P-01', 'P-02', 'P-03', 'P-04']",3,P-01,P-02
M-1950-08,1950,"['P-01', 'P-02', 'P-03', 'P-04']",3,P-01,P-02
M-1950-09,1950,"['P-01', 'P-02', 'P-03', 'P-04']",3,P-01,P-02
M-1950-10,1950,"['P-01', 'P-02', 'P-03', 'P-04']",3,P-01,P-02
M-1950-11,1950,"['P-01', 'P-02', 'P-03', 'P-04']",3,P-01,P-02
M-1950-12,1950,"['P-01', 'P-02', 'P-03', 'P-04']",3,P-01,P-02
M-1950-13,1950,"['P-01', 'P-02', 'P-03', 'P-04']",3,P-01,P-02
M-1950-14,1950,"['P-01', 'P-02', 'P-03', 'P-04']",3,P-01,P-02
M-1950-15,1950,"['P-01', 'P-02', 'P-03', 'P-04']",3,P-01,P-02
M-1950-16,1950,"['P-01', 'P-02', 'P-03', 'P-04']",3,P-01,P-02
M-1950-17,1950,"['P-01', 'P-02', 'P-03', 'P-04']",3,P-01,P-02
M-1950-18,1950,"['P-01', 'P-02', 'P-03', 'P-04']",3,P-01,P-02
M-1950-19,1950,"['P-01', 'P-02', 'P-03', 'P-04']",3,P-01,P-02
M-1950-20,1950,"['P-01', 'P-02', 'P-03', 'P-04']",3,P-01,P-02
M-1950-21,1950,"['P-01', 'P-02', 'P-03', 'P-04']",3,P-01,P-02
M-1950-22,1950,"['P-01', 'P-02', 'P-03', 'P-04']",3,P-01,P-02
M-1954-01,1954,"['P-01', 'P-02', 'P-03', 'P-04']",3,P-01,P-02
M-1954-02,1954,"['P-01', 'P-02', 'P-03', 'P-04']",3,P-01,P-02
M-1954-03,1954,"['P-01', 'P-02', 'P-03', 'P-04']",3,P-01,P-02
M-1954-04,1954,"['P-01', 'P-02', 'P-03', 'P-04']",3,P-01,P-02
M-1954-05,1954,"['P-01', 'P-02', 'P-03', 'P-04']",3,P-01,P-02
M-1954-06,1954,"['P-01', 'P-02', 'P-03', 'P-04']",3,P-01,P-02
M-1954-07,1954,"['P-01', 'P-02', 'P-03', 'P-04']",3,P-01,P-02
M-1954-08,1954,"['P-01', 'P-02', 'P-03', 'P-04']",3,P-01,P-02
M-1954-09,1954,"['P-01', 'P-02', 'P-03', 'P-04']",3,P-01,P-02
M-1954-10,1954,"['P-01', 'P-02', 'P-03', 'P-04']",3,P-01,P-02
M-1954-11,1954,"['P-01', 'P-02', 'P-03', 'P-04']",3,P-01,P-02
M-1954-12,1954,"['P-01', 'P-02', 'P-03', 'P-04']",3,P-01,P-02
M-1954-13,1954,"['P-01', 'P-02', 'P-03', 'P-04']",3,P-01,P-02
M-1954-14,1954,"['P-01', 'P-02', 'P-03', 'P-04']",3,P-01,P-02
M-1954-15,1954,"['P-01', 'P-02', 'P-03', 'P-04']",3,P-01,P-02
M-1954-16,1954,"['P-01', 'P-02', 'P-03', 'P-04']",3,P-01,P-02
M-1954-17,1954,"['P-01', 'P-02', 'P-03', 'P-04']",3,P-01,P-02
M-1954-18,1954,"['P-01', 'P-02', 'P-03', 'P-04']",3,P-01,P-02
M-1954-19,1954,"['P-01', 'P-02', 'P-03', 'P-04']",3,P-01,P-02
M-1954-20,1954,"['P-01', 'P-02', 'P-03', 'P-04']",3,P-01,P-02
M-1954-21,1954,"['P-01', 'P-02', 'P-03', 'P-04']",3,P-01,P-02
M-1954-22,1954,"['P-01', 'P-02', 'P-03', 'P-04']",3,P-01,P-02
M-1954-23,1954,"['P-01', 'P-02', 'P-03', 'P-04']",3,P-01,P-02
M-1954-24,1954,"['P-01', 'P-02', 'P-03', 'P-04']",3,P-01,P-02
M-1954-25,1954,"['P-01', 'P-02', 'P-03', 'P-04']",3,P-01,P-02
M-1954-26,1954,"['P-01', 'P-02', 'P-03', 'P-04']",3,P-01,P-02
M-1958-01,1958,"['P-01', 'P-02', 'P-03', 'P-04']",3,P-01,P-02
M-1958-02,1958,"['P-01', 'P-02', 'P-03', 'P-04']",3,P-01,P-02
M-1958-03,1958,"['P-01', 'P-02', 'P-03', 'P-04']",3,P-01,P-02
M-1958-04,1958,"['P-01', 'P-02', 'P-03', 'P-04']",3,P-01,P-02
M-1958-05,1958,"['P-01', 'P-02', 'P-03', 'P-04']",3,P-01,P-02
M-1958-06,1958,"['P-01', 'P-02', 'P-03', 'P-04']",3,P-01,P-02
M-1958-07,1958,"['P-01', 'P-02', 'P-03', 'P-04']",3,P-01,P-02
M-1958-08,1958,"['P-01', 'P-02', 'P-03', 'P-04']",3,P-01,P-02
M-1958-09,1958,"['P-01', 'P-02', 'P-03', 'P-04']",3,P-01,P-02
M-1958-10,1958,"['P-01', 'P-02', 'P-03', 'P-04']",3,P-01,P-02
M-1958-11,1958,"['P-01', 'P-02', 'P-03', 'P-04']",3,P-01,P-02
M-1958-12,1958,"['P-01', 'P-02', 'P-03', 'P-04']",3,P-01,P-02
M-1958-13,1958,"['P-01', 'P-02', 'P-03', 'P-04']",3,P-01,P-02
M-1958-14,1958,"['P-01', 'P-02', 'P-03', 'P-04']",3,P-01,P-02
M-1958-15,1958,"['P-01', 'P-02', 'P-03', 'P-04']",3,P-01,P-02
M-1958-16,1958,"['P-01', 'P-02', 'P-03', 'P-04']",3,P-01,P-02
M-1958-17,1958,"['P-01', 'P-02', 'P-03', 'P-04']",3,P-01,P-02
M-1958-18,1958,"['P-01', 'P-02', 'P-03', 'P-04']",3,P-01,P-02
M-1958-19,1958,"['P-01', 'P-02', 'P-03', 'P-04']",3,P-01,P-02
M-1958-20,1958,"['P-01', 'P-02', 'P-03', 'P-04']",3,P-01,P-02
M-1958-21,1958,"['P-01', 'P-02', 'P-03', 'P-04']",3,P-01,P-02
M-1958-22,1958,"['P-01', 'P-02', 'P-03', 'P-04']",3,P-01,P-02
M-1958-23,1958,"['P-01', 'P-02', 'P-03', 'P-04']",3,P-01,P-02
M-1958-24,1958,"['P-01', 'P-02', 'P-03', 'P-04']",3,P-01,P-02
M-1958-25,1958,"['P-01', 'P-02', 'P-03', 'P-04']",3,P-01,P-02
M-1958-26,1958,"['P-01', 'P-02', 'P-03', 'P-04']",3,P-01,P-02
M-1958-27,1958,"['P-01', 'P-02', 'P-03', 'P-04']",3,P-01,P-02
M-1958-28,1958,"['P-01', 'P-02', 'P-03', 'P-04']",3,P-01,P-02
M-1958-29,1958,"['P-01', 'P-02', 'P-03', 'P-04']",3,P-01,P-02
M-1958-30,1958,"['P-01', 'P-02', 'P-03', 'P-04']",3,P-01,P-02
M-1958-31,1958,"['P-01', 'P-02', 'P-03', 'P-04']",3,P-01,P-02
M-1958-32,1958,"['P-01', 'P-02', 'P-03', 'P-04']",3,P-01,P-02
M-1958-33,1958,"['P-01', 'P-02', 'P-03', 'P-04']",3,P-01,P-02
M-1958-34,1958,"['P-01', 'P-02', 'P-03', 'P-04']",3,P-01,P-02
M-1958-35,1958,"['P-01', 'P-02', 'P-03', 'P-04']",3,P-01,P-02
M-1962-01,1962,"['P-01', 'P-02', 'P-03', 'P-04']",3,P-01,P-02
M-1962-02,1962,"['P-01', 'P-02', 'P-03', 'P-04']",3,P-01,P-02
M-1962-03,1962,"['P-01', 'P-02', 'P-03', 'P-04']",3,P-01,P-02
M-1962-04,1962,"['P-01', 'P-02', 'P-03', 'P-04']",3,P-01,P-02
M-1962-05,1962,"['P-01', 'P-02', 'P-03', 'P-04']",3,P-01,P-02
M-1962-06,1962,"['P-01', 'P-02', 'P-03', 'P-04']",3,P-01,P-02
M-1962-07,1962,"['P-01', 'P-02', 'P-03', 'P-04']",3,P-01,P-02
M-1962-08,1962,"['P-01', 'P-02', 'P-03', 'P-04']",3,P-01,P-02
M-1962-09,1962,"['P-01', 'P-02', 'P-03', 'P-04']",3,P-01,P-02
M-1962-10,1962,"['P-01', 'P-02', 'P-03', 'P-04']",3,P-01,P-02
M-1962-11,1962,"['P-01', 'P-02', 'P-03', 'P-04']",3,P-01,P-02
M-1962-12,1962,"['P-01', 'P-02', 'P-03', 'P-04']",3,P-01,P-02
M-1962-13,1962,"['P-01', 'P-02', 'P-03', 'P-04']",3,P-01,P-02
M-1962-14,1962,"['P-01', 'P-02', 'P-03', 'P-04']",3,P-01,P-02
M-1962-15,1962,"['P-01', 'P-02', 'P-03', 'P-04']",3,P-01,P-02
M-1962-16,1962,"['P-01', 'P-02', 'P-03', 'P-04']",3,P-01,P-02
M-1962-17,1962,"['P-01', 'P-02', 'P-03', 'P-04']",3,P-01,P-02
M-1962-18,1962,"['P-01', 'P-02', 'P-03', 'P-04']",3,P-01,P-02
M-1962-19,1962,"['P-01', 'P-02', 'P-03', 'P-04']",3,P-01,P-02
M-1962-20,1962,"['P-01', 'P-02', 'P-03', 'P-04']",3,P-01,P-02
M-1962-21,1962,"['P-01', 'P-02', 'P-03', 'P-04']",3,P-01,P-02
M-1962-22,1962,"['P-01', 'P-02', 'P-03', 'P-04']",3,P-01,P-02
M-1962-23,1962,"['P-01', 'P-02', 'P-03', 'P-04']",3,P-01,P-02
M-1962-24,1962,"['P-01', 'P-02', 'P-03', 'P-04']",3,P-01,P-02
M-1962-25,1962,"['P-01', 'P-02', 'P-03', 'P-04']",3,P-01,P-02
M-1962-26,1962,"['P-01', 'P-02', 'P-03', 'P-04']",3,P-01,P-02
M-1962-27,1962,"['P-01', 'P-02', 'P-03', 'P-04']",3,P-01,P-02
M-1962-28,1962,"['P-01', 'P-02', 'P-03', 'P-04']",3,P-01,P-02
M-1962-29,1962,"['P-01', 'P-02', 'P-03', 'P-04']",3,P-01,P-02
M-1962-30,1962,"['P-01', 'P-02', 'P-03', 'P-04']",3,P-01,P-02
M-1962-31,1962,"['P-01', 'P-02', 'P-03', 'P-04']",3,P-01,P-02
M-1962-32,1962,"['P-01', 'P-02', 'P-03', 'P-04']",3,P-01,P-02
M-1966-01,1966,"['P-01', 'P-02', 'P-03', 'P-04']",3,P-01,P-02
M-1966-02,1966,"['P-01', 'P-02', 'P-03', 'P-04']",3,P-01,P-02
M-1966-03,1966,"['P-01', 'P-02', 'P-03', 'P-04']",3,P-01,P-02
M-1966-04,1966,"['P-01', 'P-02', 'P-03', 'P-04']",3,P-01,P-02
M-1966-05,1966,"['P-01', 'P-02', 'P-03', 'P-04']",3,P-01,P-02
M-1966-06,1966,"['P-01', 'P-02', 'P-03', 'P-04']",3,P-01,P-02
M-1966-07,1966,"['P-01', 'P-02', 'P-03', 'P-04']",3,P-01,P-02
M-1966-08,1966,"['P-01', 'P-02', 'P-03', 'P-04']",3,P-01,P-02
M-1966-09,1966,"['P-01', 'P-02', 'P-03', 'P-04']",3,P-01,P-02
M-1966-10,1966,"['P-01', 'P-02', 'P-03', 'P-04']",3,P-01,P-02
M-1966-11,1966,"['P-01', 'P-02', 'P-03', 'P-04']",3,P-01,P-02
M-1966-12,1966,"['P-01', 'P-02', 'P-03', 'P-04']",3,P-01,P-02
M-1966-13,1966,"['P-01', 'P-02', 'P-03', 'P-04']",3,P-01,P-02
M-1966-14,1966,"['P-01', 'P-02', 'P-03', 'P-04']",3,P-01,P-02
M-1966-15,1966,"['P-01', 'P-02', 'P-03', 'P-04']",3,P-01,P-02
M-1966-16,1966,"['P-01', 'P-02', 'P-03', 'P-04']",3,P-01,P-02
M-1966-17,1966,"['P-01', 'P-02', 'P-03', 'P-04']",3,P-01,P-02
M-1966-18,1966,"['P-01', 'P-02', 'P-03', 'P-04']",3,P-01,P-02
M-1966-19,1966,"['P-01', 'P-02', 'P-03', 'P-04']",3,P-01,P-02
M-1966-20,1966,"['P-01', 'P-02', 'P-03', 'P-04']",3,P-01,P-02
M-1966-21,1966,"['P-01', 'P-02', 'P-03', 'P-04']",3,P-01,P-02
M-1966-22,1966,"['P-01', 'P-02', 'P-03', 'P-04']",3,P-01,P-02
M-1966-23,1966,"['P-01', 'P-02', 'P-03', 'P-04']",3,P-01,P-02
M-1966-24,1966,"['P-01', 'P-02', 'P-03', 'P-04']",3,P-01,P-02
M-1966-25,1966,"['P-01', 'P-02', 'P-03', 'P-04']",3,P-01,P-02
M-1966-26,1966,"['P-01', 'P-02', 'P-03', 'P-04']",3,P-01,P-02
M-1966-27,1966,"['P-01', 'P-02', 'P-03', 'P-04']",3,P-01,P-02
M-1966-28,1966,"['P-01', 'P-02', 'P-03', 'P-04']",3,P-01,P-02
M-1966-29,1966,"['P-01', 'P-02', 'P-03', 'P-04']",3,P-01,P-02
M-1966-30,1966,"['P-01', 'P-02', 'P-03', 'P-04']",3,P-01,P-02
M-1966-31,1966,"['P-01', 'P-02', 'P-03', 'P-04']",3,P-01,P-02
M-1966-32,1966,"['P-01', 'P-02', 'P-03', 'P-04']",3,P-01,P-02
M-1970-01,1970,"['P-01', 'P-02', 'P-03', 'P-04']",3,P-01,P-02
M-1970-02,1970,"['P-01', 'P-02', 'P-03', 'P-04']",3,P-01,P-02
M-1970-03,1970,"['P-01', 'P-02', 'P-03', 'P-04']",3,P-01,P-02
M-1970-04,1970,"['P-01', 'P-02', 'P-03', 'P-04']",3,P-01,P-02
M-1970-05,1970,"['P-01', 'P-02', 'P-03', 'P-04']",3,P-01,P-02
M-1970-06,1970,"['P-01', 'P-02', 'P-03', 'P-04']",3,P-01,P-02
M-1970-07,1970,"['P-01', 'P-02', 'P-03', 'P-04']",3,P-01,P-02
M-1970-08,1970,"['P-01', 'P-02', 'P-03', 'P-04']",3,P-01,P-02
M-1970-09,1970,"['P-01', 'P-02', 'P-03', 'P-04']",3,P-01,P-02
M-1970-10,1970,"['P-01', 'P-02', 'P-03', 'P-04']",3,P-01,P-02
M-1970-11,1970,"['P-01', 'P-02', 'P-03', 'P-04']",3,P-01,P-02
M-1970-12,1970,"['P-01', 'P-02', 'P-03', 'P-04']",3,P-01,P-02
M-1970-13,1970,"['P-01', 'P-02', 'P-03', 'P-04']",3,P-01,P-02
M-1970-14,1970,"['P-01', 'P-02', 'P-03', 'P-04']",3,P-01,P-02
M-1970-15,1970,"['P-01', 'P-02', 'P-03', 'P-04']",3,P-01,P-02
M-1970-16,1970,"['P-01', 'P-02', 'P-03', 'P-04']",3,P-01,P-02
M-1970-17,1970,"['P-01', 'P-02', 'P-03', 'P-04']",3,P-01,P-02
M-1970-18,1970,"['P-01', 'P-02', 'P-03', 'P-04']",3,P-01,P-02
M-1970-19,1970,"['P-01', 'P-02', 'P-03', 'P-04']",3,P-01,P-02
M-1970-20,1970,"['P-01', 'P-02', 'P-03', 'P-04']",3,P-01,P-02
M-1970-21,1970,"['P-01', 'P-02', 'P-03', 'P-04']",3,P-01,P-02
M-1970-22,1970,"['P-01', 'P-02', 'P-03', 'P-04']",3,P-01,P-02
M-1970-23,1970,"['P-01', 'P-02', 'P-03', 'P-04']",3,P-01,P-02
M-1970-24,1970,"['P-01', 'P-02', 'P-03', 'P-04']",3,P-01,P-02
M-1970-25,1970,"['P-01', 'P-02', 'P-03', 'P-04']",3,P-01,P-02
M-1970-26,1970,"['P-01', 'P-02', 'P-03', 'P-04']",3,P-01,P-02
M-1970-27,1970,"['P-01', 'P-02', 'P-03', 'P-04']",3,P-01,P-02
M-1970-28,1970,"['P-01', 'P-02', 'P-03', 'P-04']",3,P-01,P-02
M-1970-29,1970,"['P-01', 'P-02', 'P-03', 'P-04']",3,P-01,P-02
M-1970-30,1970,"['P-01', 'P-02', 'P-03', 'P-04']",3,P-01,P-02
M-1970-31,1970,"['P-01', 'P-02', 'P-03', 'P-04']",3,P-01,P-02
M-1970-32,1970,"['P-01', 'P-02', 'P-03', 'P-04']",3,P-01,P-02
M-1974-01,1974,"['P-01', 'P-02', 'P-03', 'P-04']",3,P-01,P-02
M-1974-02,1974,"['P-01', 'P-02', 'P-03', 'P-04']",3,P-01,P-02
M-1974-03,1974,"['P-01', 'P-02', 'P-03', 'P-04']",3,P-01,P-02
M-1974-04,1974,"['P-01', 'P-02', 'P-03', 'P-04']",3,P-01,P-02
M-1974-05,1974,"['P-01', 'P-02', 'P-03', 'P-04']",3,P-01,P-02
M-1974-06,1974,"['P-01', 'P-02', 'P-03', 'P-04']",3,P-01,P-02
M-1974-07,1974,"['P-01', 'P-02', 'P-03', 'P-04']",3,P-01,P-02
M-1974-08,1974,"['P-01', 'P-02', 'P-03', 'P-04']",3,P-01,P-02
M-1974-09,1974,"['P-01', 'P-02', 'P-03', 'P-04']",3,P-01,P-02
M-1974-10,1974,"['P-01', 'P-02', 'P-03', 'P-04']",3,P-01,P-02
M-1974-11,1974,"['P-01', 'P-02', 'P-03', 'P-04']",3,P-01,P-02
M-1974-12,1974,"['P-01', 'P-02', 'P-03', 'P-04']",3,P-01,P-02
M-1974-13,1974,"['P-01', 'P-02', 'P-03', 'P-04']",3,P-01,P-02
M-1974-14,1974,"['P-01', 'P-02', 'P-03', 'P-04']",3,P-01,P-02
M-1974-15,1974,"['P-01', 'P-02', 'P-03', 'P-04']",3,P-01,P-02
M-1974-16,1974,"['P-01', 'P-02', 'P-03', 'P-04']",3,P-01,P-02
M-1974-17,1974,"['P-01', 'P-02', 'P-03', 'P-04']",3,P-01,P-02
M-1974-18,1974,"['P-01', 'P-02', 'P-03', 'P-04']",3,P-01,P-02
M-1974-19,1974,"['P-01', 'P-02', 'P-03', 'P-04']",3,P-01,P-02
M-1974-20,1974,"['P-01', 'P-02', 'P-03', 'P-04']",3,P-01,P-02
M-1974-21,1974,"['P-01', 'P-02', 'P-03', 'P-04']",3,P-01,P-02
M-1974-22,1974,"['P-01', 'P-02', 'P-03', 'P-04']",3,P-01,P-02
M-1974-23,1974,"['P-01', 'P-02', 'P-03', 'P-04']",3,P-01,P-02
M-1974-24,1974,"['P-01', 'P-02', 'P-03', 'P-04']",3,P-01,P-02
M-1974-25,1974,"['P-01', 'P-02', 'P-03', 'P-04']",3,P-01,P-02
M-1974-26,1974,"['P-01', 'P-02', 'P-03', 'P-04']",3,P-01,P-02
M-1974-27,1974,"['P-01', 'P-02', 'P-03', 'P-04']",3,P-01,P-02
M-1974-28,1974,"['P-01', 'P-02', 'P-03', 'P-04']",3,P-01,P-02
M-1974-29,1974,"['P-01', 'P-02', 'P-03', 'P-04']",3,P-01,P-02
M-1974-30,1974,"['P-01', 'P-02', 'P-03', 'P-04']",3,P-01,P-02
M-1974-31,1974,"['P-01', 'P-02', 'P-03', 'P-04']",3,P-01,P-02
M-1974-32,1974,"['P-01', 'P-02', 'P-03', 'P-04']",3,P-01,P-02
M-1974-33,1974,"['P-01', 'P-02', 'P-03', 'P-04']",3,P-01,P-02
M-1974-34,1974,"['P-01', 'P-02', 'P-03', 'P-04']",3,P-01,P-02
M-1974-35,1974,"['P-01', 'P-02', 'P-03', 'P-04']",3,P-01,P-02
M-1974-36,1974,"['P-01', 'P-02', 'P-03', 'P-04']",3,P-01,P-02
M-1974-37,1974,"['P-01', 'P-02', 'P-03', 'P-04']",3,P-01,P-02
M-1974-38,1974,"['P-01', 'P-02', 'P-03', 'P-04']",3,P-01,P-02
M-1978-01,1978,"['P-01', 'P-02', 'P-03', 'P-04']",3,P-01,P-02
M-1978-02,1978,"['P-01', 'P-02', 'P-03', 'P-04']",3,P-01,P-02
M-1978-03,1978,"['P-01', 'P-02', 'P-03', 'P-04']",3,P-01,P-02
M-1978-04,1978,"['P-01', 'P-02', 'P-03', 'P-04']",3,P-01,P-02
M-1978-05,1978,"['P-01', 'P-02', 'P-03', 'P-04']",3,P-01,P-02
M-1978-06,1978,"['P-01', 'P-02', 'P-03', 'P-04']",3,P-01,P-02
M-1978-07,1978,"['P-01', 'P-02', 'P-03', 'P-04']",3,P-01,P-02
M-1978-08,1978,"['P-01', 'P-02', 'P-03', 'P-04']",3,P-01,P-02
M-1978-09,1978,"['P-01', 'P-02', 'P-03', 'P-04']",3,P-01,P-02
M-1978-10,1978,"['P-01', 'P-02', 'P-03', 'P-04']",3,P-01,P-02
M-1978-11,1978,"['P-01', 'P-02', 'P-03', 'P-04']",3,P-01,P-02
M-1978-12,1978,"['P-01', 'P-02', 'P-03', 'P-04']",3,P-01,P-02
M-1978-13,1978,"['P-01', 'P-02', 'P-03', 'P-04']",3,P-01,P-02
M-1978-14,1978,"['P-01', 'P-02', 'P-03', 'P-04']",3,P-01,P-02
M-1978-15,1978,"['P-01', 'P-02', 'P-03', 'P-04']",3,P-01,P-02
M-1978-16,1978,"['P-01', 'P-02', 'P-03', 'P-04']",3,P-01,P-02
M-1978-17,1978,"['P-01', 'P-02', 'P-03', 'P-04']",3,P-01,P-02
M-1978-18,1978,"['P-01', 'P-02', 'P-03', 'P-04']",3,P-01,P-02
M-1978-19,1978,"['P-01', 'P-02', 'P-03', 'P-04']",3,P-01,P-02
M-1978-20,1978,"['P-01', 'P-02', 'P-03', 'P-04']",3,P-01,P-02
M-1978-21,1978,"['P-01', 'P-02', 'P-03', 'P-04']",3,P-01,P-02
M-1978-22,1978,"['P-01', 'P-02', 'P-03', 'P-04']",3,P-01,P-02
M-1978-23,1978,"['P-01', 'P-02', 'P-03', 'P-04']",3,P-01,P-02
M-1978-24,1978,"['P-01', 'P-02', 'P-03', 'P-04']",3,P-01,P-02
M-1978-25,1978,"['P-01', 'P-02', 'P-03', 'P-04']",3,P-01,P-02
M-1978-26,1978,"['P-01', 'P-02', 'P-03', 'P-04']",3,P-01,P-02
M-1978-27,1978,"['P-01', 'P-02', 'P-03', 'P-04']",3,P-01,P-02
M-1978-28,1978,"['P-01', 'P-02', 'P-03', 'P-04']",3,P-01,P-02
M-1978-29,1978,"['P-01', 'P-02', 'P-03', 'P-04']",3,P-01,P-02
M-1978-30,1978,"['P-01', 'P-02', 'P-03', 'P-04']",3,P-01,P-02
M-1978-31,1978,"['P-01', 'P-02', 'P-03', 'P-04']",3,P-01,P-02
M-1978-32,1978,"['P-01', 'P-02', 'P-03', 'P-04']",3,P-01,P-02
M-1978-33,1978,"['P-01', 'P-02', 'P-03', 'P-04']",3,P-01,P-02
M-1978-34,1978,"['P-01', 'P-02', 'P-03', 'P-04']",3,P-01,P-02
M-1978-35,1978,"['P-01', 'P-02', 'P-03', 'P-04']",3,P-01,P-02
M-1978-36,1978,"['P-01', 'P-02', 'P-03', 'P-04']",3,P-01,P-02
M-1978-37,1978,"['P-01', 'P-02', 'P-03', 'P-04']",3,P-01,P-02
M-1978-38,1978,"['P-01', 'P-02', 'P-03', 'P-04']",3,P-01,P-02
M-1982-01,1982,"['P-01', 'P-02', 'P-03', 'P-04']",3,P-01,P-02
M-1982-02,1982,"['P-01', 'P-02', 'P-03', 'P-04']",3,P-01,P-02
M-1982-03,1982,"['P-01', 'P-02', 'P-03', 'P-04']",3,P-01,P-02
M-1982-04,1982,"['P-01', 'P-02', 'P-03', 'P-04']",3,P-01,P-02
M-1982-05,1982,"['P-01', 'P-02', 'P-03', 'P-04']",3,P-01,P-02
M-1982-06,1982,"['P-01', 'P-02', 'P-03', 'P-04']",3,P-01,P-02
M-1982-07,1982,"['P-01', 'P-02', 'P-03', 'P-04']",3,P-01,P-02
M-1982-08,1982,"['P-01', 'P-02', 'P-03', 'P-04']",3,P-01,P-02
M-1982-09,1982,"['P-01', 'P-02', 'P-03', 'P-04']",3,P-01,P-02
M-1982-10,1982,"['P-01', 'P-02', 'P-03', 'P-04']",3,P-01,P-02
M-1982-11,1982,"['P-01', 'P-02', 'P-03', 'P-04']",3,P-01,P-02
M-1982-12,1982,"['P-01', 'P-02', 'P-03', 'P-04']",3,P-01,P-02
M-1982-13,1982,"['P-01', 'P-02', 'P-03', 'P-04']",3,P-01,P-02
M-1982-14,1982,"['P-01', 'P-02', 'P-03', 'P-04']",3,P-01,P-02
M-1982-15,1982,"['P-01', 'P-02', 'P-03', 'P-04']",3,P-01,P-02
M-1982-16,1982,"['P-01', 'P-02', 'P-03', 'P-04']",3,P-01,P-02
M-1982-17,1982,"['P-01', 'P-02', 'P-03', 'P-04']",3,P-01,P-02
M-1982-18,1982,"['P-01', 'P-02', 'P-03', 'P-04']",3,P-01,P-02
M-1982-19,1982,"['P-01', 'P-02', 'P-03', 'P-04']",3,P-01,P-02
M-1982-20,1982,"['P-01', 'P-02', 'P-03', 'P-04']",3,P-01,P-02
M-1982-21,1982,"['P-01', 'P-02', 'P-03', 'P-04']",3,P-01,P-02
M-1982-22,1982,"['P-01', 'P-02', 'P-03', 'P-04']",3,P-01,P-02
M-1982-23,1982,"['P-01', 'P-02', 'P-03', 'P-04']",3,P-01,P-02
M-1982-24,1982,"['P-01', 'P-02', 'P-03', 'P-04']",3,P-01,P-02
M-1982-25,1982,"['P-01', 'P-02', 'P-03', 'P-04']",3,P-01,P-02
M-1982-26,1982,"['P-01', 'P-02', 'P-03', 'P-04']",3,P-01,P-02
M-1982-27,1982,"['P-01', 'P-02', 'P-03', 'P-04']",3,P-01,P-02
M-1982-28,1982,"['P-01', 'P-02', 'P-03', 'P-04']",3,P-01,P-02
M-1982-29,1982,"['P-01', 'P-02', 'P-03', 'P-04']",3,P-01,P-02
M-1982-30,1982,"['P-01', 'P-02', 'P-03', 'P-04']",3,P-01,P-02
M-1982-31,1982,"['P-01', 'P-02', 'P-03', 'P-04']",3,P-01,P-02
M-1982-32,1982,"['P-01', 'P-02', 'P-03', 'P-04']",3,P-01,P-02
M-1982-33,1982,"['P-01', 'P-02', 'P-03', 'P-04']",3,P-01,P-02
M-1982-34,1982,"['P-01', 'P-02', 'P-03', 'P-04']",3,P-01,P-02
M-1982-35,1982,"['P-01', 'P-02', 'P-03', 'P-04']",3,P-01,P-02
M-1982-36,1982,"['P-01', 'P-02', 'P-03', 'P-04']",3,P-01,P-02
M-1982-37,1982,"['P-01', 'P-02', 'P-03', 'P-04']",3,P-01,P-02
M-1982-38,1982,"['P-01', 'P-02', 'P-03', 'P-04']",3,P-01,P-02
M-1982-39,1982,"['P-01', 'P-02', 'P-03', 'P-04']",3,P-01,P-02
M-1982-40,1982,"['P-01', 'P-02', 'P-03', 'P-04']",3,P-01,P-02
M-1982-41,1982,"['P-01', 'P-02', 'P-03', 'P-04']",3,P-01,P-02
M-1982-42,1982,"['P-01', 'P-02', 'P-03', 'P-04']",3,P-01,P-02
M-1982-43,1982,"['P-01', 'P-02', 'P-03', 'P-04']",3,P-01,P-02
M-1982-44,1982,"['P-01', 'P-02', 'P-03', 'P-04']",3,P-01,P-02
M-1982-45,1982,"['P-01', 'P-02', 'P-03', 'P-04']",3,P-01,P-02
M-1982-46,1982,"['P-01', 'P-02', 'P-03', 'P-04']",3,P-01,P-02
M-1982-47,1982,"['P-01', 'P-02', 'P-03', 'P-04']",3,P-01,P-02
M-1982-48,1982,"['P-01', 'P-02', 'P-03', 'P-04']",3,P-01,P-02
M-1982-49,1982,"['P-01', 'P-02', 'P-03', 'P-04']",3,P-01,P-02
M-1982-50,1982,"['P-01', 'P-02', 'P-03', 'P-04']",3,P-01,P-02
M-1982-51,1982,"['P-01', 'P-02', 'P-03', 'P-04']",3,P-01,P-02
M-1982-52,1982,"['P-01', 'P-02', 'P-03', 'P-04']",3,P-01,P-02
M-1986-01,1986,"['P-01', 'P-02', 'P-03', 'P-04']",3,P-01,P-02
M-1986-02,1986,"['P-01', 'P-02', 'P-03', 'P-04']",3,P-01,P-02
M-1986-03,1986,"['P-01', 'P-02', 'P-03', 'P-04']",3,P-01,P-02
M-1986-04,1986,"['P-01', 'P-02', 'P-03', 'P-04']",3,P-01,P-02
M-1986-05,1986,"['P-01', 'P-02', 'P-03', 'P-04']",3,P-01,P-02
M-1986-06,1986,"['P-01', 'P-02', 'P-03', 'P-04']",3,P-01,P-02
M-1986-07,1986,"['P-01', 'P-02', 'P-03', 'P-04']",3,P-01,P-02
M-1986-08,1986,"['P-01', 'P-02', 'P-03', 'P-04']",3,P-01,P-02
M-1986-09,1986,"['P-01', 'P-02', 'P-03', 'P-04']",3,P-01,P-02
M-1986-10,1986,"['P-01', 'P-02', 'P-03', 'P-04']",3,P-01,P-02
M-1986-11,1986,"['P-01', 'P-02', 'P-03', 'P-04']",3,P-01,P-02
M-1986-12,1986,"['P-01', 'P-02', 'P-03', 'P-04']",3,P-01,P-02
M-1986-13,1986,"['P-01', 'P-02', 'P-03', 'P-04']",3,P-01,P-02
M-1986-14,1986,"['P-01', 'P-02', 'P-03', 'P-04']",3,P-01,P-02
M-1986-15,1986,"['P-01', 'P-02', 'P-03', 'P-04']",3,P-01,P-02
M-1986-16,1986,"['P-01', 'P-02', 'P-03', 'P-04']",3,P-01,P-02
M-1986-17,1986,"['P-01', 'P-02', 'P-03', 'P-04']",3,P-01,P-02
M-1986-18,1986,"['P-01', 'P-02', 'P-03', 'P-04']",3,P-01,P-02
M-1986-19,1986,"['P-01', 'P-02', 'P-03', 'P-04']",3,P-01,P-02
M-1986-20,1986,"['P-01', 'P-02', 'P-03', 'P-04']",3,P-01,P-02
M-1986-21,1986,"['P-01', 'P-02', 'P-03', 'P-04']",3,P-01,P-02
M-1986-22,1986,"['P-01', 'P-02', 'P-03', 'P-04']",3,P-01,P-02
M-1986-23,1986,"['P-01', 'P-02', 'P-03', 'P-04']",3,P-01,P-02
M-1986-24,1986,"['P-01', 'P-02', 'P-03', 'P-04']",3,P-01,P-02
M-1986-25,1986,"['P-01', 'P-02', 'P-03', 'P-04']",3,P-01,P-02
M-1986-26,1986,"['P-01', 'P-02', 'P-03', 'P-04']",3,P-01,P-02
M-1986-27,1986,"['P-01', 'P-02', 'P-03', 'P-04']",3,P-01,P-02
M-1986-28,1986,"['P-01', 'P-02', 'P-03', 'P-04']",3,P-01,P-02
M-1986-29,1986,"['P-01', 'P-02', 'P-03', 'P-04']",3,P-01,P-02
M-1986-30,1986,"['P-01', 'P-02', 'P-03', 'P-04']",3,P-01,P-02
M-1986-31,1986,"['P-01', 'P-02', 'P-03', 'P-04']",3,P-01,P-02
M-1986-32,1986,"['P-01', 'P-02', 'P-03', 'P-04']",3,P-01,P-02
M-1986-33,1986,"['P-01', 'P-02', 'P-03', 'P-04']",3,P-01,P-02
M-1986-34,1986,"['P-01', 'P-02', 'P-03', 'P-04']",3,P-01,P-02
M-1986-35,1986,"['P-01', 'P-02', 'P-03', 'P-04']",3,P-01,P-02
M-1986-36,1986,"['P-01', 'P-02', 'P-03', 'P-04']",3,P-01,P-02
M-1986-37,1986,"['P-01', 'P-02', 'P-03', 'P-04']",3,P-01,P-02
M-1986-38,1986,"['P-01', 'P-02', 'P-03', 'P-04']",3,P-01,P-02
M-1986-39,1986,"['P-01', 'P-02', 'P-03', 'P-04']",3,P-01,P-02
M-1986-40,1986,"['P-01', 'P-02', 'P-03', 'P-04']",3,P-01,P-02
M-1986-41,1986,"['P-01', 'P-02', 'P-03', 'P-04']",3,P-01,P-02
M-1986-42,1986,"['P-01', 'P-02', 'P-03', 'P-04']",3,P-01,P-02
M-1986-43,1986,"['P-01', 'P-02', 'P-03', 'P-04']",3,P-01,P-02
M-1986-44,1986,"['P-01', 'P-02', 'P-03', 'P-04']",3,P-01,P-02
M-1986-45,1986,"['P-01', 'P-02', 'P-03', 'P-04']",3,P-01,P-02
M-1986-46,1986,"['P-01', 'P-02', 'P-03', 'P-04']",3,P-01,P-02
M-1986-47,1986,"['P-01', 'P-02', 'P-03', 'P-04']",3,P-01,P-02
M-1986-48,1986,"['P-01', 'P-02', 'P-03', 'P-04']",3,P-01,P-02
M-1986-49,1986,"['P-01', 'P-02', 'P-03', 'P-04']",3,P-01,P-02
M-1986-50,1986,"['P-01', 'P-02', 'P-03', 'P-04']",3,P-01,P-02
M-1986-51,1986,"['P-01', 'P-02', 'P-03', 'P-04']",3,P-01,P-02
M-1986-52,1986,"['P-01', 'P-02', 'P-03', 'P-04']",3,P-01,P-02
M-1990-01,1990,"['P-01', 'P-02', 'P-03', 'P-04']",3,P-01,P-02
M-1990-02,1990,"['P-01', 'P-02', 'P-03', 'P-04']",3,P-01,P-02
M-1990-03,1990,"['P-01', 'P-02', 'P-03', 'P-04']",3,P-01,P-02
M-1990-04,1990,"['P-01', 'P-02', 'P-03', 'P-04']",3,P-01,P-02
M-1990-05,1990,"['P-01', 'P-02', 'P-03', 'P-04']",3,P-01,P-02
M-1990-06,1990,"['P-01', 'P-02', 'P-03', 'P-04']",3,P-01,P-02
M-1990-07,1990,"['P-01', 'P-02', 'P-03', 'P-04']",3,P-01,P-02
M-1990-08,1990,"['P-01', 'P-02', 'P-03', 'P-04']",3,P-01,P-02
M-1990-09,1990,"['P-01', 'P-02', 'P-03', 'P-04']",3,P-01,P-02
M-1990-10,1990,"['P-01', 'P-02', 'P-03', 'P-04']",3,P-01,P-02
M-1990-11,1990,"['P-01', 'P-02', 'P-03', 'P-04']",3,P-01,P-02
M-1990-12,1990,"['P-01', 'P-02', 'P-03', 'P-04']",3,P-01,P-02
M-1990-13,1990,"['P-01', 'P-02', 'P-03', 'P-04']",3,P-01,P-02
M-1990-14,1990,"['P-01', 'P-02', 'P-03', 'P-04']",3,P-01,P-02
M-1990-15,1990,"['P-01', 'P-02', 'P-03', 'P-04']",3,P-01,P-02
M-1990-16,1990,"['P-01', 'P-02', 'P-03', 'P-04']",3,P-01,P-02
M-1990-17,1990,"['P-01', 'P-02', 'P-03', 'P-04']",3,P-01,P-02
M-1990-18,1990,"['P-01', 'P-02', 'P-03', 'P-04']",3,P-01,P-02
M-1990-19,1990,"['P-01', 'P-02', 'P-03', 'P-04']",3,P-01,P-02
M-1990-20,1990,"['P-01', 'P-02', 'P-03', 'P-04']",3,P-01,P-02
M-1990-21,1990,"['P-01', 'P-02', 'P-03', 'P-04']",3,P-01,P-02
M-1990-22,1990,"['P-01', 'P-02', 'P-03', 'P-04']",3,P-01,P-02
M-1990-23,1990,"['P-01', 'P-02', 'P-03', 'P-04']",3,P-01,P-02
M-1990-24,1990,"['P-01', 'P-02', 'P-03', 'P-04']",3,P-01,P-02
M-1990-25,1990,"['P-01', 'P-02', 'P-03', 'P-04']",3,P-01,P-02
M-1990-26,1990,"['P-01', 'P-02', 'P-03', 'P-04']",3,P-01,P-02
M-1990-27,1990,"['P-01', 'P-02', 'P-03', 'P-04']",3,P-01,P-02
M-1990-28,1990,"['P-01', 'P-02', 'P-03', 'P-04']",3,P-01,P-02
M-1990-29,1990,"['P-01', 'P-02', 'P-03', 'P-04']",3,P-01,P-02
M-1990-30,1990,"['P-01', 'P-02', 'P-03', 'P-04']",3,P-01,P-02
M-1990-31,1990,"['P-01', 'P-02', 'P-03', 'P-04']",3,P-01,P-02
M-1990-32,1990,"['P-01', 'P-02', 'P-03', 'P-04']",3,P-01,P-02
M-1990-33,1990,"['P-01', 'P-02', 'P-03', 'P-04']",3,P-01,P-02
M-1990-34,1990,"['P-01', 'P-02', 'P-03', 'P-04']",3,P-01,P-02
M-1990-35,1990,"['P-01', 'P-02', 'P-03', 'P-04']",3,P-01,P-02
M-1990-36,1990,"['P-01', 'P-02', 'P-03', 'P-04']",3,P-01,P-02
M-1990-37,1990,"['P-01', 'P-02', 'P-03', 'P-04']",3,P-01,P-02
M-1990-38,1990,"['P-01', 'P-02', 'P-03', 'P-04']",3,P-01,P-02
M-1990-39,1990,"['P-01', 'P-02', 'P-03', 'P-04']",3,P-01,P-02
M-1990-40,1990,"['P-01', 'P-02', 'P-03', 'P-04']",3,P-01,P-02
M-1990-41,1990,"['P-01', 'P-02', 'P-03', 'P-04']",3,P-01,P-02
M-1990-42,1990,"['P-01', 'P-02', 'P-03', 'P-04']",3,P-01,P-02
M-1990-43,1990,"['P-01', 'P-02', 'P-03', 'P-04']",3,P-01,P-02
M-1990-44,1990,"['P-01', 'P-02', 'P-03', 'P-04']",3,P-01,P-02
M-1990-45,1990,"['P-01', 'P-02', 'P-03', 'P-04']",3,P-01,P-02
M-1990-46,1990,"['P-01', 'P-02', 'P-03', 'P-04']",3,P-01,P-02
M-1990-47,1990,"['P-01', 'P-02', 'P-03', 'P-04']",3,P-01,P-02
M-1990-48,1990,"['P-01', 'P-02', 'P-03', 'P-04']",3,P-01,P-02
M-1990-49,1990,"['P-01', 'P-02', 'P-03', 'P-04']",3,P-01,P-02
M-1990-50,1990,"['P-01', 'P-02', 'P-03', 'P-04']",3,P-01,P-02
M-1990-51,1990,"['P-01', 'P-02', 'P-03', 'P-04']",3,P-01,P-02
M-1990-52,1990,"['P-01', 'P-02', 'P-03', 'P-04']",3,P-01,P-02
M-1994-01,1994,"['P-01', 'P-02', 'P-03', 'P-04']",3,P-01,P-02
M-1994-02,1994,"['P-01', 'P-02', 'P-03', 'P-04']",3,P-01,P-02
M-1994-03,1994,"['P-01', 'P-02', 'P-03', 'P-04']",3,P-01,P-02
M-1994-04,1994,"['P-01', 'P-02', 'P-03', 'P-04']",3,P-01,P-02
M-1994-05,1994,"['P-01', 'P-02', 'P-03', 'P-04']",3,P-01,P-02
M-1994-06,1994,"['P-01', 'P-02', 'P-03', 'P-04']",3,P-01,P-02
M-1994-07,1994,"['P-01', 'P-02', 'P-03', 'P-04']",3,P-01,P-02
M-1994-08,1994,"['P-01', 'P-02', 'P-03', 'P-04']",3,P-01,P-02
M-1994-09,1994,"['P-01', 'P-02', 'P-03', 'P-04']",3,P-01,P-02
M-1994-10,1994,"['P-01', 'P-02', 'P-03', 'P-04']",3,P-01,P-02
M-1994-11,1994,"['P-01', 'P-02', 'P-03', 'P-04']",3,P-01,P-02
M-1994-12,1994,"['P-01', 'P-02', 'P-03', 'P-04']",3,P-01,P-02
M-1994-13,1994,"['P-01', 'P-02', 'P-03', 'P-04']",3,P-01,P-02
M-1994-14,1994,"['P-01', 'P-02', 'P-03', 'P-04']",3,P-01,P-02
M-1994-15,1994,"['P-01', 'P-02', 'P-03', 'P-04']",3,P-01,P-02
M-1994-16,1994,"['P-01', 'P-02', 'P-03', 'P-04']",3,P-01,P-02
M-1994-17,1994,"['P-01', 'P-02', 'P-03', 'P-04']",3,P-01,P-02
M-1994-18,1994,"['P-01', 'P-02', 'P-03', 'P-04']",3,P-01,P-02
M-1994-19,1994,"['P-01', 'P-02', 'P-03', 'P-04']",3,P-01,P-02
M-1994-20,1994,"['P-01', 'P-02', 'P-03', 'P-04']",3,P-01,P-02
M-1994-21,1994,"['P-01', 'P-02', 'P-03', 'P-04']",3,P-01,P-02
M-1994-22,1994,"['P-01', 'P-02', 'P-03', 'P-04']",3,P-01,P-02
M-1994-23,1994,"['P-01', 'P-02', 'P-03', 'P-04']",3,P-01,P-02
M-1994-24,1994,"['P-01', 'P-02', 'P-03', 'P-04']",3,P-01,P-02
M-1994-25,1994,"['P-01', 'P-02', 'P-03', 'P-04']",3,P-01,P-02
M-1994-26,1994,"['P-01', 'P-02', 'P-03', 'P-04']",3,P-01,P-02
M-1994-27,1994,"['P-01', 'P-02', 'P-03', 'P-04']",3,P-01,P-02
M-1994-28,1994,"['P-01', 'P-02', 'P-03', 'P-04']",3,P-01,P-02
M-1994-29,1994,"['P-01', 'P-02', 'P-03', 'P-04']",3,P-01,P-02
M-1994-30,1994,"['P-01', 'P-02', 'P-03', 'P-04']",3,P-01,P-02
M-1994-31,1994,"['P-01', 'P-02', 'P-03', 'P-04']",3,P-01,P-02
M-1994-32,1994,"['P-01', 'P-02', 'P-03', 'P-04']",3,P-01,P-02
M-1994-33,1994,"['P-01', 'P-02', 'P-03', 'P-04']",3,P-01,P-02
M-1994-34,1994,"['P-01', 'P-02', 'P-03', 'P-04']",3,P-01,P-02
M-1994-35,1994,"['P-01', 'P-02', 'P-03', 'P-04']",3,P-01,P-02
M-1994-36,1994,"['P-01', 'P-02', 'P-03', 'P-04']",3,P-01,P-02
M-1994-37,1994,"['P-01', 'P-02', 'P-03', 'P-04']",3,P-01,P-02
M-1994-38,1994,"['P-01', 'P-02', 'P-03', 'P-04']",3,P-01,P-02
M-1994-39,1994,"['P-01', 'P-02', 'P-03', 'P-04']",3,P-01,P-02
M-1994-40,1994,"['P-01', 'P-02', 'P-03', 'P-04']",3,P-01,P-02
M-1994-41,1994,"['P-01', 'P-02', 'P-03', 'P-04']",3,P-01,P-02
M-1994-42,1994,"['P-01', 'P-02', 'P-03', 'P-04']",3,P-01,P-02
M-1994-43,1994,"['P-01', 'P-02', 'P-03', 'P-04']",3,P-01,P-02
M-1994-44,1994,"['P-01', 'P-02', 'P-03', 'P-04']",3,P-01,P-02
M-1994-45,1994,"['P-01', 'P-02', 'P-03', 'P-04']",3,P-01,P-02
M-1994-46,1994,"['P-01', 'P-02', 'P-03', 'P-04']",3,P-01,P-02
M-1994-47,1994,"['P-01', 'P-02', 'P-03', 'P-04']",3,P-01,P-02
M-1994-48,1994,"['P-01', 'P-02', 'P-03', 'P-04']",3,P-01,P-02
M-1994-49,1994,"['P-01', 'P-02', 'P-03', 'P-04']",3,P-01,P-02
M-1994-50,1994,"['P-01', 'P-02', 'P-03', 'P-04']",3,P-01,P-02
M-1994-51,1994,"['P-01', 'P-02', 'P-03', 'P-04']",3,P-01,P-02
M-1994-52,1994,"['P-01', 'P-02', 'P-03', 'P-04']",3,P-01,P-02
M-1998-01,1998,"['P-01', 'P-02', 'P-03', 'P-04']",3,P-01,P-02
M-1998-02,1998,"['P-01', 'P-02', 'P-03', 'P-04']",3,P-01,P-02
M-1998-03,1998,"['P-01', 'P-02', 'P-03', 'P-04']",3,P-01,P-02
M-1998-04,1998,"['P-01', 'P-02', 'P-03', 'P-04']",3,P-01,P-02
M-1998-05,1998,"['P-01', 'P-02', 'P-03', 'P-04']",3,P-01,P-02
M-1998-06,1998,"['P-01', 'P-02', 'P-03', 'P-04']",3,P-01,P-02
M-1998-07,1998,"['P-01', 'P-02', 'P-03', 'P-04']",3,P-01,P-02
M-1998-08,1998,"['P-01', 'P-02', 'P-03', 'P-04']",3,P-01,P-02
M-1998-09,1998,"['P-01', 'P-02', 'P-03', 'P-04']",3,P-01,P-02
M-1998-10,1998,"['P-01', 'P-02', 'P-03', 'P-04']",3,P-01,P-02
M-1998-11,1998,"['P-01', 'P-02', 'P-03', 'P-04']",3,P-01,P-02
M-1998-12,1998,"['P-01', 'P-02', 'P-03', 'P-04']",3,P-01,P-02
M-1998-13,1998,"['P-01', 'P-02', 'P-03', 'P-04']",3,P-01,P-02
M-1998-14,1998,"['P-01', 'P-02', 'P-03', 'P-04']",3,P-01,P-02
M-1998-15,1998,"['P-01', 'P-02', 'P-03', 'P-04']",3,P-01,P-02
M-1998-16,1998,"['P-01', 'P-02', 'P-03', 'P-04']",3,P-01,P-02
M-1998-17,1998,"['P-01', 'P-02', 'P-03', 'P-04']",3,P-01,P-02
M-1998-18,1998,"['P-01', 'P-02', 'P-03', 'P-04']",3,P-01,P-02
M-1998-19,1998,"['P-01', 'P-02', 'P-03', 'P-04']",3,P-01,P-02
M-1998-20,1998,"['P-01', 'P-02', 'P-03', 'P-04']",3,P-01,P-02
M-1998-21,1998,"['P-01', 'P-02', 'P-03', 'P-04']",3,P-01,P-02
M-1998-22,1998,"['P-01', 'P-02', 'P-03', 'P-04']",3,P-01,P-02
M-1998-23,1998,"['P-01', 'P-02', 'P-03', 'P-04']",3,P-01,P-02
M-1998-24,1998,"['P-01', 'P-02', 'P-03', 'P-04']",3,P-01,P-02
M-1998-25,1998,"['P-01', 'P-02', 'P-03', 'P-04']",3,P-01,P-02
M-1998-26,1998,"['P-01', 'P-02', 'P-03', 'P-04']",3,P-01,P-02
M-1998-27,1998,"['P-01', 'P-02', 'P-03', 'P-04']",3,P-01,P-02
M-1998-28,1998,"['P-01', 'P-02', 'P-03', 'P-04']",3,P-01,P-02
M-1998-29,1998,"['P-01', 'P-02', 'P-03', 'P-04']",3,P-01,P-02
M-1998-30,1998,"['P-01', 'P-02', 'P-03', 'P-04']",3,P-01,P-02
M-1998-31,1998,"['P-01', 'P-02', 'P-03', 'P-04']",3,P-01,P-02
M-1998-32,1998,"['P-01', 'P-02', 'P-03', 'P-04']",3,P-01,P-02
M-1998-33,1998,"['P-01', 'P-02', 'P-03', 'P-04']",3,P-01,P-02
M-1998-34,1998,"['P-01', 'P-02', 'P-03', 'P-04']",3,P-01,P-02
M-1998-35,1998,"['P-01', 'P-02', 'P-03', 'P-04']",3,P-01,P-02
M-1998-36,1998,"['P-01', 'P-02', 'P-03', 'P-04']",3,P-01,P-02
M-1998-37,1998,"['P-01', 'P-02', 'P-03', 'P-04']",3,P-01,P-02
M-1998-38,1998,"['P-01', 'P-02', 'P-03', 'P-04']",3,P-01,P-02
M-1998-39,1998,"['P-01', 'P-02', 'P-03', 'P-04']",3,P-01,P-02
M-1998-40,1998,"['P-01', 'P-02', 'P-03', 'P-04']",3,P-01,P-02
M-1998-41,1998,"['P-01', 'P-02', 'P-03', 'P-04']",3,P-01,P-02
M-1998-42,1998,"['P-01', 'P-02', 'P-03', 'P-04']",3,P-01,P-02
M-1998-43,1998,"['P-01', 'P-02', 'P-03', 'P-04']",3,P-01,P-02
M-1998-44,1998,"['P-01', 'P-02', 'P-03', 'P-04']",3,P-01,P-02
M-1998-45,1998,"['P-01', 'P-02', 'P-03', 'P-04']",3,P-01,P-02
M-1998-46,1998,"['P-01', 'P-02', 'P-03', 'P-04']",3,P-01,P-02
M-1998-47,1998,"['P-01', 'P-02', 'P-03', 'P-04']",3,P-01,P-02
M-1998-48,1998,"['P-01', 'P-02', 'P-03', 'P-04']",3,P-01,P-02
M-1998-49,1998,"['P-01', 'P-02', 'P-03', 'P-04']",3,P-01,P-02
M-1998-50,1998,"['P-01', 'P-02', 'P-03', 'P-04']",3,P-01,P-02
M-1998-51,1998,"['P-01', 'P-02', 'P-03', 'P-04']",3,P-01,P-02
M-1998-52,1998,"['P-01', 'P-02', 'P-03', 'P-04']",3,P-01,P-02
M-1998-53,1998,"['P-01', 'P-02', 'P-03', 'P-04']",3,P-01,P-02
M-1998-54,1998,"['P-01', 'P-02', 'P-03', 'P-04']",3,P-01,P-02
M-1998-55,1998,"['P-01', 'P-02', 'P-03', 'P-04']",3,P-01,P-02
M-1998-56,1998,"['P-01', 'P-02', 'P-03', 'P-04']",3,P-01,P-02
M-1998-57,1998,"['P-01', 'P-02', 'P-03', 'P-04']",3,P-01,P-02
M-1998-58,1998,"['P-01', 'P-02', 'P-03', 'P-04']",3,P-01,P-02
M-1998-59,1998,"['P-01', 'P-02', 'P-03', 'P-04']",3,P-01,P-02
M-1998-60,1998,"['P-01', 'P-02', 'P-03', 'P-04']",3,P-01,P-02
M-1998-61,1998,"['P-01', 'P-02', 'P-03', 'P-04']",3,P-01,P-02
M-1998-62,1998,"['P-01', 'P-02', 'P-03', 'P-04']",3,P-01,P-02
M-1998-63,1998,"['P-01', 'P-02', 'P-03', 'P-04']",3,P-01,P-02
M-1998-64,1998,"['P-01', 'P-02', 'P-03', 'P-04']",3,P-01,P-02
M-2002-01,2002,"['P-01', 'P-02', 'P-03', 'P-04']",3,P-01,P-02
M-2002-02,2002,"['P-01', 'P-02', 'P-03', 'P-04']",3,P-01,P-02
M-2002-03,2002,"['P-01', 'P-02', 'P-03', 'P-04']",3,P-01,P-02
M-2002-04,2002,"['P-01', 'P-02', 'P-03', 'P-04']",3,P-01,P-02
M-2002-05,2002,"['P-01', 'P-02', 'P-03', 'P-04']",3,P-01,P-02
M-2002-06,2002,"['P-01', 'P-02', 'P-03', 'P-04']",3,P-01,P-02
M-2002-07,2002,"['P-01', 'P-02', 'P-03', 'P-04']",3,P-01,P-02
M-2002-08,2002,"['P-01', 'P-02', 'P-03', 'P-04']",3,P-01,P-02
M-2002-09,2002,"['P-01', 'P-02', 'P-03', 'P-04']",3,P-01,P-02
M-2002-10,2002,"['P-01', 'P-02', 'P-03', 'P-04']",3,P-01,P-02
M-2002-11,2002,"['P-01', 'P-02', 'P-03', 'P-04']",3,P-01,P-02
M-2002-12,2002,"['P-01', 'P-02', 'P-03', 'P-04']",3,P-01,P-02
M-2002-13,2002,"['P-01', 'P-02', 'P-03', 'P-04']",3,P-01,P-02
M-2002-14,2002,"['P-01', 'P-02', 'P-03', 'P-04']",3,P-01,P-02
M-2002-15,2002,"['P-01', 'P-02', 'P-03', 'P-04']",3,P-01,P-02
M-2002-16,2002,"['P-01', 'P-02', 'P-03', 'P-04']",3,P-01,P-02
M-2002-17,2002,"['P-01', 'P-02', 'P-03', 'P-04']",3,P-01,P-02
M-2002-18,2002,"['P-01', 'P-02', 'P-03', 'P-04']",3,P-01,P-02
M-2002-19,2002,"['P-01', 'P-02', 'P-03', 'P-04']",3,P-01,P-02
M-2002-20,2002,"['P-01', 'P-02', 'P-03', 'P-04']",3,P-01,P-02
M-2002-21,2002,"['P-01', 'P-02', 'P-03', 'P-04']",3,P-01,P-02
M-2002-22,2002,"['P-01', 'P-02', 'P-03', 'P-04']",3,P-01,P-02
M-2002-23,2002,"['P-01', 'P-02', 'P-03', 'P-04']",3,P-01,P-02
M-2002-24,2002,"['P-01', 'P-02', 'P-03', 'P-04']",3,P-01,P-02
M-2002-25,2002,"['P-01', 'P-02', 'P-03', 'P-04']",3,P-01,P-02
M-2002-26,2002,"['P-01', 'P-02', 'P-03', 'P-04']",3,P-01,P-02
M-2002-27,2002,"['P-01', 'P-02', 'P-03', 'P-04']",3,P-01,P-02
M-2002-28,2002,"['P-01', 'P-02', 'P-03', 'P-04']",3,P-01,P-02
M-2002-29,2002,"['P-01', 'P-02', 'P-03', 'P-04']",3,P-01,P-02
M-2002-30,2002,"['P-01', 'P-02', 'P-03', 'P-04']",3,P-01,P-02
M-2002-31,2002,"['P-01', 'P-02', 'P-03', 'P-04']",3,P-01,P-02
M-2002-32,2002,"['P-01', 'P-02', 'P-03', 'P-04']",3,P-01,P-02
M-2002-33,2002,"['P-01', 'P-02', 'P-03', 'P-04']",3,P-01,P-02
M-2002-34,2002,"['P-01', 'P-02', 'P-03', 'P-04']",3,P-01,P-02
M-2002-35,2002,"['P-01', 'P-02', 'P-03', 'P-04']",3,P-01,P-02
M-2002-36,2002,"['P-01', 'P-02', 'P-03', 'P-04']",3,P-01,P-02
M-2002-37,2002,"['P-01', 'P-02', 'P-03', 'P-04']",3,P-01,P-02
M-2002-38,2002,"['P-01', 'P-02', 'P-03', 'P-04']",3,P-01,P-02
M-2002-39,2002,"['P-01', 'P-02', 'P-03', 'P-04']",3,P-01,P-02
M-2002-40,2002,"['P-01', 'P-02', 'P-03', 'P-04']",3,P-01,P-02
M-2002-41,2002,"['P-01', 'P-02', 'P-03', 'P-04']",3,P-01,P-02
M-2002-42,2002,"['P-01', 'P-02', 'P-03', 'P-04']",3,P-01,P-02
M-2002-43,2002,"['P-01', 'P-02', 'P-03', 'P-04']",3,P-01,P-02
M-2002-44,2002,"['P-01', 'P-02', 'P-03', 'P-04']",3,P-01,P-02
M-2002-45,2002,"['P-01', 'P-02', 'P-03', 'P-04']",3,P-01,P-02
M-2002-46,2002,"['P-01', 'P-02', 'P-03', 'P-04']",3,P-01,P-02
M-2002-47,2002,"['P-01', 'P-02', 'P-03', 'P-04']",3,P-01,P-02
M-2002-48,2002,"['P-01', 'P-02', 'P-03', 'P-04']",3,P-01,P-02
M-2002-49,2002,"['P-01', 'P-02', 'P-03', 'P-04']",3,P-01,P-02
M-2002-50,2002,"['P-01', 'P-02', 'P-03', 'P-04']",3,P-01,P-02
M-2002-51,2002,"['P-01', 'P-02', 'P-03', 'P-04']",3,P-01,P-02
M-2002-52,2002,"['P-01', 'P-02', 'P-03', 'P-04']",3,P-01,P-02
M-2002-53,2002,"['P-01', 'P-02', 'P-03', 'P-04']",3,P-01,P-02
M-2002-54,2002,"['P-01', 'P-02', 'P-03', 'P-04']",3,P-01,P-02
M-2002-55,2002,"['P-01', 'P-02', 'P-03', 'P-04']",3,P-01,P-02
M-2002-56,2002,"['P-01', 'P-02', 'P-03', 'P-04']",3,P-01,P-02
M-2002-57,2002,"['P-01', 'P-02', 'P-03', 'P-04']",3,P-01,P-02
M-2002-58,2002,"['P-01', 'P-02', 'P-03', 'P-04']",3,P-01,P-02
M-2002-59,2002,"['P-01', 'P-02', 'P-03', 'P-04']",3,P-01,P-02
M-2002-60,2002,"['P-01', 'P-02', 'P-03', 'P-04']",3,P-01,P-02
M-2002-61,2002,"['P-01', 'P-02', 'P-03', 'P-04']",3,P-01,P-02
M-2002-62,2002,"['P-01', 'P-02', 'P-03', 'P-04']",3,P-01,P-02
M-2002-63,2002,"['P-01', 'P-02', 'P-03', 'P-04']",3,P-01,P-02
M-2002-64,2002,"['P-01', 'P-02', 'P-03', 'P-04']",3,P-01,P-02
M-2006-01,2006,"['P-01', 'P-02', 'P-03', 'P-04']",3,P-01,P-02
M-2006-02,2006,"['P-01', 'P-02', 'P-03', 'P-04']",3,P-01,P-02
M-2006-03,2006,"['P-01', 'P-02', 'P-03', 'P-04']",3,P-01,P-02
M-2006-04,2006,"['P-01', 'P-02', 'P-03', 'P-04']",3,P-01,P-02
M-2006-05,2006,"['P-01', 'P-02', 'P-03', 'P-04']",3,P-01,P-02
M-2006-06,2006,"['P-01', 'P-02', 'P-03', 'P-04']",3,P-01,P-02
M-2006-07,2006,"['P-01', 'P-02', 'P-03', 'P-04']",3,P-01,P-02
M-2006-08,2006,"['P-01', 'P-02', 'P-03', 'P-04']",3,P-01,P-02
M-2006-09,2006,"['P-01', 'P-02', 'P-03', 'P-04']",3,P-01,P-02
M-2006-10,2006,"['P-01', 'P-02', 'P-03', 'P-04']",3,P-01,P-02
M-2006-11,2006,"['P-01', 'P-02', 'P-03', 'P-04']",3,P-01,P-02
M-2006-12,2006,"['P-01', 'P-02', 'P-03', 'P-04']",3,P-01,P-02
M-2006-13,2006,"['P-01', 'P-02', 'P-03', 'P-04']",3,P-01,P-02
M-2006-14,2006,"['P-01', 'P-02', 'P-03', 'P-04']",3,P-01,P-02
M-2006-15,2006,"['P-01', 'P-02', 'P-03', 'P-04']",3,P-01,P-02
M-2006-16,2006,"['P-01', 'P-02', 'P-03', 'P-04']",3,P-01,P-02
M-2006-17,2006,"['P-01', 'P-02', 'P-03', 'P-04']",3,P-01,P-02
M-2006-18,2006,"['P-01', 'P-02', 'P-03', 'P-04']",3,P-01,P-02
M-2006-19,2006,"['P-01', 'P-02', 'P-03', 'P-04']",3,P-01,P-02
M-2006-20,2006,"['P-01', 'P-02', 'P-03', 'P-04']",3,P-01,P-02
M-2006-21,2006,"['P-01', 'P-02', 'P-03', 'P-04']",3,P-01,P-02
M-2006-22,2006,"['P-01', 'P-02', 'P-03', 'P-04']",3,P-01,P-02
M-2006-23,2006,"['P-01', 'P-02', 'P-03', 'P-04']",3,P-01,P-02
M-2006-24,2006,"['P-01', 'P-02', 'P-03', 'P-04']",3,P-01,P-02
M-2006-25,2006,"['P-01', 'P-02', 'P-03', 'P-04']",3,P-01,P-02
M-2006-26,2006,"['P-01', 'P-02', 'P-03', 'P-04']",3,P-01,P-02
M-2006-27,2006,"['P-01', 'P-02', 'P-03', 'P-04']",3,P-01,P-02
M-2006-28,2006,"['P-01', 'P-02', 'P-03', 'P-04']",3,P-01,P-02
M-2006-29,2006,"['P-01', 'P-02', 'P-03', 'P-04']",3,P-01,P-02
M-2006-30,2006,"['P-01', 'P-02', 'P-03', 'P-04']",3,P-01,P-02
M-2006-31,2006,"['P-01', 'P-02', 'P-03', 'P-04']",3,P-01,P-02
M-2006-32,2006,"['P-01', 'P-02', 'P-03', 'P-04']",3,P-01,P-02
M-2006-33,2006,"['P-01', 'P-02', 'P-03', 'P-04']",3,P-01,P-02
M-2006-34,2006,"['P-01', 'P-02', 'P-03', 'P-04']",3,P-01,P-02
M-2006-35,2006,"['P-01', 'P-02', 'P-03', 'P-04']",3,P-01,P-02
M-2006-36,2006,"['P-01', 'P-02', 'P-03', 'P-04']",3,P-01,P-02
M-2006-37,2006,"['P-01', 'P-02', 'P-03', 'P-04']",3,P-01,P-02
M-2006-38,2006,"['P-01', 'P-02', 'P-03', 'P-04']",3,P-01,P-02
M-2006-39,2006,"['P-01', 'P-02', 'P-03', 'P-04']",3,P-01,P-02
M-2006-40,2006,"['P-01', 'P-02', 'P-03', 'P-04']",3,P-01,P-02
M-2006-41,2006,"['P-01', 'P-02', 'P-03', 'P-04']",3,P-01,P-02
M-2006-42,2006,"['P-01', 'P-02', 'P-03', 'P-04']",3,P-01,P-02
M-2006-43,2006,"['P-01', 'P-02', 'P-03', 'P-04']",3,P-01,P-02
M-2006-44,2006,"['P-01', 'P-02', 'P-03', 'P-04']",3,P-01,P-02
M-2006-45,2006,"['P-01', 'P-02', 'P-03', 'P-04']",3,P-01,P-02
M-2006-46,2006,"['P-01', 'P-02', 'P-03', 'P-04']",3,P-01,P-02
M-2006-47,2006,"['P-01', 'P-02', 'P-03', 'P-04']",3,P-01,P-02
M-2006-48,2006,"['P-01', 'P-02', 'P-03', 'P-04']",3,P-01,P-02
M-2006-49,2006,"['P-01', 'P-02', 'P-03', 'P-04']",3,P-01,P-02
M-2006-50,2006,"['P-01', 'P-02', 'P-03', 'P-04']",3,P-01,P-02
M-2006-51,2006,"['P-01', 'P-02', 'P-03', 'P-04']",3,P-01,P-02
M-2006-52,2006,"['P-01', 'P-02', 'P-03', 'P-04']",3,P-01,P-02
M-2006-53,2006,"['P-01', 'P-02', 'P-03', 'P-04']",3,P-01,P-02
M-2006-54,2006,"['P-01', 'P-02', 'P-03', 'P-04']",3,P-01,P-02
M-2006-55,2006,"['P-01', 'P-02', 'P-03', 'P-04']",3,P-01,P-02
M-2006-56,2006,"['P-01', 'P-02', 'P-03', 'P-04']",3,P-01,P-02
M-2006-57,2006,"['P-01', 'P-02', 'P-03', 'P-04']",3,P-01,P-02
M-2006-58,2006,"['P-01', 'P-02', 'P-03', 'P-04']",3,P-01,P-02
M-2006-59,2006,"['P-01', 'P-02', 'P-03', 'P-04']",3,P-01,P-02
M-2006-60,2006,"['P-01', 'P-02', 'P-03', 'P-04']",3,P-01,P-02
M-2006-61,2006,"['P-01', 'P-02', 'P-03', 'P-04']",3,P-01,P-02
M-2006-62,2006,"['P-01', 'P-02', 'P-03', 'P-04']",3,P-01,P-02
M-2006-63,2006,"['P-01', 'P-02', 'P-03', 'P-04']",3,P-01,P-02
M-2006-64,2006,"['P-01', 'P-02', 'P-03', 'P-04']",3,P-01,P-02
M-2010-01,2010,"['P-01', 'P-02', 'P-03', 'P-04']",3,P-01,P-02
M-2010-02,2010,"['P-01', 'P-02', 'P-03', 'P-04']",3,P-01,P-02
M-2010-03,2010,"['P-01', 'P-02', 'P-03', 'P-04']",3,P-01,P-02
M-2010-04,2010,"['P-01', 'P-02', 'P-03', 'P-04']",3,P-01,P-02
M-2010-05,2010,"['P-01', 'P-02', 'P-03', 'P-04']",3,P-01,P-02
M-2010-06,2010,"['P-01', 'P-02', 'P-03', 'P-04']",3,P-01,P-02
M-2010-07,2010,"['P-01', 'P-02', 'P-03', 'P-04']",3,P-01,P-02
M-2010-08,2010,"['P-01', 'P-02', 'P-03', 'P-04']",3,P-01,P-02
M-2010-09,2010,"['P-01', 'P-02', 'P-03', 'P-04']",3,P-01,P-02
M-2010-10,2010,"['P-01', 'P-02', 'P-03', 'P-04']",3,P-01,P-02
M-2010-11,2010,"['P-01', 'P-02', 'P-03', 'P-04']",3,P-01,P-02
M-2010-12,2010,"['P-01', 'P-02', 'P-03', 'P-04']",3,P-01,P-02
M-2010-13,2010,"['P-01', 'P-02', 'P-03', 'P-04']",3,P-01,P-02
M-2010-14,2010,"['P-01', 'P-02', 'P-03', 'P-04']",3,P-01,P-02
M-2010-15,2010,"['P-01', 'P-02', 'P-03', 'P-04']",3,P-01,P-02
M-2010-16,2010,"['P-01', 'P-02', 'P-03', 'P-04']",3,P-01,P-02
M-2010-17,2010,"['P-01', 'P-02', 'P-03', 'P-04']",3,P-01,P-02
M-2010-18,2010,"['P-01', 'P-02', 'P-03', 'P-04']",3,P-01,P-02
M-2010-19,2010,"['P-01', 'P-02', 'P-03', 'P-04']",3,P-01,P-02
M-2010-20,2010,"['P-01', 'P-02', 'P-03', 'P-04']",3,P-01,P-02
M-2010-21,2010,"['P-01', 'P-02', 'P-03', 'P-04']",3,P-01,P-02
M-2010-22,2010,"['P-01', 'P-02', 'P-03', 'P-04']",3,P-01,P-02
M-2010-23,2010,"['P-01', 'P-02', 'P-03', 'P-04']",3,P-01,P-02
M-2010-24,2010,"['P-01', 'P-02', 'P-03', 'P-04']",3,P-01,P-02
M-2010-25,2010,"['P-01', 'P-02', 'P-03', 'P-04']",3,P-01,P-02
M-2010-26,2010,"['P-01', 'P-02', 'P-03', 'P-04']",3,P-01,P-02
M-2010-27,2010,"['P-01', 'P-02', 'P-03', 'P-04']",3,P-01,P-02
M-2010-28,2010,"['P-01', 'P-02', 'P-03', 'P-04']",3,P-01,P-02
M-2010-29,2010,"['P-01', 'P-02', 'P-03', 'P-04']",3,P-01,P-02
M-2010-30,2010,"['P-01', 'P-02', 'P-03', 'P-04']",3,P-01,P-02
M-2010-31,2010,"['P-01', 'P-02', 'P-03', 'P-04']",3,P-01,P-02
M-2010-32,2010,"['P-01', 'P-02', 'P-03', 'P-04']",3,P-01,P-02
M-2010-33,2010,"['P-01', 'P-02', 'P-03', 'P-04']",3,P-01,P-02
M-2010-34,2010,"['P-01', 'P-02', 'P-03', 'P-04']",3,P-01,P-02
M-2010-35,2010,"['P-01', 'P-02', 'P-03', 'P-04']",3,P-01,P-02
M-2010-36,2010,"['P-01', 'P-02', 'P-03', 'P-04']",3,P-01,P-02
M-2010-37,2010,"['P-01', 'P-02', 'P-03', 'P-04']",3,P-01,P-02
M-2010-38,2010,"['P-01', 'P-02', 'P-03', 'P-04']",3,P-01,P-02
M-2010-39,2010,"['P-01', 'P-02', 'P-03', 'P-04']",3,P-01,P-02
M-2010-40,2010,"['P-01', 'P-02', 'P-03', 'P-04']",3,P-01,P-02
M-2010-41,2010,"['P-01', 'P-02', 'P-03', 'P-04']",3,P-01,P-02
M-2010-42,2010,"['P-01', 'P-02', 'P-03', 'P-04']",3,P-01,P-02
M-2010-43,2010,"['P-01', 'P-02', 'P-03', 'P-04']",3,P-01,P-02
M-2010-44,2010,"['P-01', 'P-02', 'P-03', 'P-04']",3,P-01,P-02
M-2010-45,2010,"['P-01', 'P-02', 'P-03', 'P-04']",3,P-01,P-02
M-2010-46,2010,"['P-01', 'P-02', 'P-03', 'P-04']",3,P-01,P-02
M-2010-47,2010,"['P-01', 'P-02', 'P-03', 'P-04']",3,P-01,P-02
M-2010-48,2010,"['P-01', 'P-02', 'P-03', 'P-04']",3,P-01,P-02
M-2010-49,2010,"['P-01', 'P-02', 'P-03', 'P-04']",3,P-01,P-02
M-2010-50,2010,"['P-01', 'P-02', 'P-03', 'P-04']",3,P-01,P-02
M-2010-51,2010,"['P-01', 'P-02', 'P-03', 'P-04']",3,P-01,P-02
M-2010-52,2010,"['P-01', 'P-02', 'P-03', 'P-04']",3,P-01,P-02
M-2010-53,2010,"['P-01', 'P-02', 'P-03', 'P-04']",3,P-01,P-02
M-2010-54,2010,"['P-01', 'P-02', 'P-03', 'P-04']",3,P-01,P-02
M-2010-55,2010,"['P-01', 'P-02', 'P-03', 'P-04']",3,P-01,P-02
M-2010-56,2010,"['P-01', 'P-02', 'P-03', 'P-04']",3,P-01,P-02
M-2010-57,2010,"['P-01', 'P-02', 'P-03', 'P-04']",3,P-01,P-02
M-2010-58,2010,"['P-01', 'P-02', 'P-03', 'P-04']",3,P-01,P-02
M-2010-59,2010,"['P-01', 'P-02', 'P-03', 'P-04']",3,P-01,P-02
M-2010-60,2010,"['P-01', 'P-02', 'P-03', 'P-04']",3,P-01,P-02
M-2010-61,2010,"['P-01', 'P-02', 'P-03', 'P-04']",3,P-01,P-02
M-2010-62,2010,"['P-01', 'P-02', 'P-03', 'P-04']",3,P-01,P-02
M-2010-63,2010,"['P-01', 'P-02', 'P-03', 'P-04']",3,P-01,P-02
M-2010-64,2010,"['P-01', 'P-02', 'P-03', 'P-04']",3,P-01,P-02
M-2014-01,2014,"['P-01', 'P-02', 'P-03', 'P-04']",3,P-01,P-02
M-2014-02,2014,"['P-01', 'P-02', 'P-03', 'P-04']",3,P-01,P-02
M-2014-03,2014,"['P-01', 'P-02', 'P-03', 'P-04']",3,P-01,P-02
M-2014-04,2014,"['P-01', 'P-02', 'P-03', 'P-04']",3,P-01,P-02
M-2014-05,2014,"['P-01', 'P-02', 'P-03', 'P-04']",3,P-01,P-02
M-2014-06,2014,"['P-01', 'P-02', 'P-03', 'P-04']",3,P-01,P-02
M-2014-07,2014,"['P-01', 'P-02', 'P-03', 'P-04']",3,P-01,P-02
M-2014-08,2014,"['P-01', 'P-02', 'P-03', 'P-04']",3,P-01,P-02
M-2014-09,2014,"['P-01', 'P-02', 'P-03', 'P-04']",3,P-01,P-02
M-2014-10,2014,"['P-01', 'P-02', 'P-03', 'P-04']",3,P-01,P-02
M-2014-11,2014,"['P-01', 'P-02', 'P-03', 'P-04']",3,P-01,P-02
M-2014-12,2014,"['P-01', 'P-02', 'P-03', 'P-04']",3,P-01,P-02
M-2014-13,2014,"['P-01', 'P-02', 'P-03', 'P-04']",3,P-01,P-02
M-2014-14,2014,"['P-01', 'P-02', 'P-03', 'P-04']",3,P-01,P-02
M-2014-15,2014,"['P-01', 'P-02', 'P-03', 'P-04']",3,P-01,P-02
M-2014-16,2014,"['P-01', 'P-02', 'P-03', 'P-04']",3,P-01,P-02
M-2014-17,2014,"['P-01', 'P-02', 'P-03', 'P-04']",3,P-01,P-02
M-2014-18,2014,"['P-01', 'P-02', 'P-03', 'P-04']",3,P-01,P-02
M-2014-19,2014,"['P-01', 'P-02', 'P-03', 'P-04']",3,P-01,P-02
M-2014-20,2014,"['P-01', 'P-02', 'P-03', 'P-04']",3,P-01,P-02
M-2014-21,2014,"['P-01', 'P-02', 'P-03', 'P-04']",3,P-01,P-02
M-2014-22,2014,"['P-01', 'P-02', 'P-03', 'P-04']",3,P-01,P-02
M-2014-23,2014,"['P-01', 'P-02', 'P-03', 'P-04']",3,P-01,P-02
M-2014-24,2014,"['P-01', 'P-02', 'P-03', 'P-04']",3,P-01,P-02
M-2014-25,2014,"['P-01', 'P-02', 'P-03', 'P-04']",3,P-01,P-02
M-2014-26,2014,"['P-01', 'P-02', 'P-03', 'P-04']",3,P-01,P-02
M-2014-27,2014,"['P-01', 'P-02', 'P-03', 'P-04']",3,P-01,P-02
M-2014-28,2014,"['P-01', 'P-02', 'P-03', 'P-04']",3,P-01,P-02
M-2014-29,2014,"['P-01', 'P-02', 'P-03', 'P-04']",3,P-01,P-02
M-2014-30,2014,"['P-01', 'P-02', 'P-03', 'P-04']",3,P-01,P-02
M-2014-31,2014,"['P-01', 'P-02', 'P-03', 'P-04']",3,P-01,P-02
M-2014-32,2014,"['P-01', 'P-02', 'P-03', 'P-04']",3,P-01,P-02
M-2014-33,2014,"['P-01', 'P-02', 'P-03', 'P-04']",3,P-01,P-02
M-2014-34,2014,"['P-01', 'P-02', 'P-03', 'P-04']",3,P-01,P-02
M-2014-35,2014,"['P-01', 'P-02', 'P-03', 'P-04']",3,P-01,P-02
M-2014-36,2014,"['P-01', 'P-02', 'P-03', 'P-04']",3,P-01,P-02
M-2014-37,2014,"['P-01', 'P-02', 'P-03', 'P-04']",3,P-01,P-02
M-2014-38,2014,"['P-01', 'P-02', 'P-03', 'P-04']",3,P-01,P-02
M-2014-39,2014,"['P-01', 'P-02', 'P-03', 'P-04']",3,P-01,P-02
M-2014-40,2014,"['P-01', 'P-02', 'P-03', 'P-04']",3,P-01,P-02
M-2014-41,2014,"['P-01', 'P-02', 'P-03', 'P-04']",3,P-01,P-02
M-2014-42,2014,"['P-01', 'P-02', 'P-03', 'P-04']",3,P-01,P-02
M-2014-43,2014,"['P-01', 'P-02', 'P-03', 'P-04']",3,P-01,P-02
M-2014-44,2014,"['P-01', 'P-02', 'P-03', 'P-04']",3,P-01,P-02
M-2014-45,2014,"['P-01', 'P-02', 'P-03', 'P-04']",3,P-01,P-02
M-2014-46,2014,"['P-01', 'P-02', 'P-03', 'P-04']",3,P-01,P-02
M-2014-47,2014,"['P-01', 'P-02', 'P-03', 'P-04']",3,P-01,P-02
M-2014-48,2014,"['P-01', 'P-02', 'P-03', 'P-04']",3,P-01,P-02
M-2014-49,2014,"['P-01', 'P-02', 'P-03', 'P-04']",3,P-01,P-02
M-2014-50,2014,"['P-01', 'P-02', 'P-03', 'P-04']",3,P-01,P-02
M-2014-51,2014,"['P-01', 'P-02', 'P-03', 'P-04']",3,P-01,P-02
M-2014-52,2014,"['P-01', 'P-02', 'P-03', 'P-04']",3,P-01,P-02
M-2014-53,2014,"['P-01', 'P-02', 'P-03', 'P-04']",3,P-01,P-02
M-2014-54,2014,"['P-01', 'P-02', 'P-03', 'P-04']",3,P-01,P-02
M-2014-55,2014,"['P-01', 'P-02', 'P-03', 'P-04']",3,P-01,P-02
M-2014-56,2014,"['P-01', 'P-02', 'P-03', 'P-04']",3,P-01,P-02
M-2014-57,2014,"['P-01', 'P-02', 'P-03', 'P-04']",3,P-01,P-02
M-2014-58,2014,"['P-01', 'P-02', 'P-03', 'P-04']",3,P-01,P-02
M-2014-59,2014,"['P-01', 'P-02', 'P-03', 'P-04']",3,P-01,P-02
M-2014-60,2014,"['P-01', 'P-02', 'P-03', 'P-04']",3,P-01,P-02
M-2014-61,2014,"['P-01', 'P-02', 'P-03', 'P-04']",3,P-01,P-02
M-2014-62,2014,"['P-01', 'P-02', 'P-03', 'P-04']",3,P-01,P-02
M-2014-63,2014,"['P-01', 'P-02', 'P-03', 'P-04']",3,P-01,P-02
M-2014-64,2014,"['P-01', 'P-02', 'P-03', 'P-04']",3,P-01,P-02
M-2018-01,2018,"['P-01', 'P-02', 'P-03', 'P-04']",3,P-01,P-02
M-2018-02,2018,"['P-01', 'P-02', 'P-03', 'P-04']",3,P-01,P-02
M-2018-03,2018,"['P-01', 'P-02', 'P-03', 'P-04']",3,P-01,P-02
M-2018-04,2018,"['P-01', 'P-02', 'P-03', 'P-04']",3,P-01,P-02
M-2018-05,2018,"['P-01', 'P-02', 'P-03', 'P-04']",3,P-01,P-02
M-2018-06,2018,"['P-01', 'P-02', 'P-03', 'P-04']",3,P-01,P-02
M-2018-07,2018,"['P-01', 'P-02', 'P-03', 'P-04']",3,P-01,P-02
M-2018-08,2018,"['P-01', 'P-02', 'P-03', 'P-04']",3,P-01,P-02
M-2018-09,2018,"['P-01', 'P-02', 'P-03', 'P-04']",3,P-01,P-02
M-2018-10,2018,"['P-01', 'P-02', 'P-03', 'P-04']",3,P-01,P-02
M-2018-11,2018,"['P-01', 'P-02', 'P-03', 'P-04']",3,P-01,P-02
M-2018-12,2018,"['P-01', 'P-02', 'P-03', 'P-04']",3,P-01,P-02
M-2018-13,2018,"['P-01', 'P-02', 'P-03', 'P-04']",3,P-01,P-02
M-2018-14,2018,"['P-01', 'P-02', 'P-03', 'P-04']",3,P-01,P-02
M-2018-15,2018,"['P-01', 'P-02', 'P-03', 'P-04']",3,P-01,P-02
M-2018-16,2018,"['P-01', 'P-02', 'P-03', 'P-04']",3,P-01,P-02
M-2018-17,2018,"['P-01', 'P-02', 'P-03', 'P-04']",3,P-01,P-02
M-2018-18,2018,"['P-01', 'P-02', 'P-03', 'P-04']",3,P-01,P-02
M-2018-19,2018,"['P-01', 'P-02', 'P-03', 'P-04']",3,P-01,P-02
M-2018-20,2018,"['P-01', 'P-02', 'P-03', 'P-04']",3,P-01,P-02
M-2018-21,2018,"['P-01', 'P-02', 'P-03', 'P-04']",3,P-01,P-02
M-2018-22,2018,"['P-01', 'P-02', 'P-03', 'P-04']",3,P-01,P-02
M-2018-23,2018,"['P-01', 'P-02', 'P-03', 'P-04']",3,P-01,P-02
M-2018-24,2018,"['P-01', 'P-02', 'P-03', 'P-04']",3,P-01,P-02
M-2018-25,2018,"['P-01', 'P-02', 'P-03', 'P-04']",3,P-01,P-02
M-2018-26,2018,"['P-01', 'P-02', 'P-03', 'P-04']",3,P-01,P-02
M-2018-27,2018,"['P-01', 'P-02', 'P-03', 'P-04']",3,P-01,P-02
M-2018-28,2018,"['P-01', 'P-02', 'P-03', 'P-04']",3,P-01,P-02
M-2018-29,2018,"['P-01', 'P-02', 'P-03', 'P-04']",3,P-01,P-02
M-2018-30,2018,"['P-01', 'P-02', 'P-03', 'P-04']",3,P-01,P-02
M-2018-31,2018,"['P-01', 'P-02', 'P-03', 'P-04']",3,P-01,P-02
M-2018-32,2018,"['P-01', 'P-02', 'P-03', 'P-04']",3,P-01,P-02
M-2018-33,2018,"['P-01', 'P-02', 'P-03', 'P-04']",3,P-01,P-02
M-2018-34,2018,"['P-01', 'P-02', 'P-03', 'P-04']",3,P-01,P-02
M-2018-35,2018,"['P-01', 'P-02', 'P-03', 'P-04']",3,P-01,P-02
M-2018-36,2018,"['P-01', 'P-02', 'P-03', 'P-04']",3,P-01,P-02
M-2018-37,2018,"['P-01', 'P-02', 'P-03', 'P-04']",3,P-01,P-02
M-2018-38,2018,"['P-01', 'P-02', 'P-03', 'P-04']",3,P-01,P-02
M-2018-39,2018,"['P-01', 'P-02', 'P-03', 'P-04']",3,P-01,P-02
M-2018-40,2018,"['P-01', 'P-02', 'P-03', 'P-04']",3,P-01,P-02
M-2018-41,2018,"['P-01', 'P-02', 'P-03', 'P-04']",3,P-01,P-02
M-2018-42,2018,"['P-01', 'P-02', 'P-03', 'P-04']",3,P-01,P-02
M-2018-43,2018,"['P-01', 'P-02', 'P-03', 'P-04']",3,P-01,P-02
M-2018-44,2018,"['P-01', 'P-02', 'P-03', 'P-04']",3,P-01,P-02
M-2018-45,2018,"['P-01', 'P-02', 'P-03', 'P-04']",3,P-01,P-02
M-2018-46,2018,"['P-01', 'P-02', 'P-03', 'P-04']",3,P-01,P-02
M-2018-47,2018,"['P-01', 'P-02', 'P-03', 'P-04']",3,P-01,P-02
M-2018-48,2018,"['P-01', 'P-02', 'P-03', 'P-04']",3,P-01,P-02
M-2018-49,2018,"['P-01', 'P-02', 'P-03', 'P-04']",3,P-01,P-02
M-2018-50,2018,"['P-01', 'P-02', 'P-03', 'P-04']",3,P-01,P-02
M-2018-51,2018,"['P-01', 'P-02', 'P-03', 'P-04']",3,P-01,P-02
M-2018-52,2018,"['P-01', 'P-02', 'P-03', 'P-04']",3,P-01,P-02
M-2018-53,2018,"['P-01', 'P-02', 'P-03', 'P-04']",3,P-01,P-02
M-2018-54,2018,"['P-01', 'P-02', 'P-03', 'P-04']",3,P-01,P-02
M-2018-55,2018,"['P-01', 'P-02', 'P-03', 'P-04']",3,P-01,P-02
M-2018-56,2018,"['P-01', 'P-02', 'P-03', 'P-04']",3,P-01,P-02
M-2018-57,2018,"['P-01', 'P-02', 'P-03', 'P-04']",3,P-01,P-02
M-2018-58,2018,"['P-01', 'P-02', 'P-03', 'P-04']",3,P-01,P-02
M-2018-59,2018,"['P-01', 'P-02', 'P-03', 'P-04']",3,P-01,P-02
M-2018-60,2018,"['P-01', 'P-02', 'P-03', 'P-04']",3,P-01,P-02
M-2018-61,2018,"['P-01', 'P-02', 'P-03', 'P-04']",3,P-01,P-02
M-2018-62,2018,"['P-01', 'P-02', 'P-03', 'P-04']",3,P-01,P-02
M-2018-63,2018,"['P-01', 'P-02', 'P-03', 'P-04']",3,P-01,P-02
M-2018-64,2018,"['P-01', 'P-02', 'P-03', 'P-04']",3,P-01,P-02
